team,plays,accuracy,log_loss,actual_pass_rate,predictability_rank
SEA,1001,0.7542457542457542,0.5190936127425624,0.6413586413586414,1
DEN,979,0.7538304392236976,0.5155177424491532,0.557711950970378,2
JAX,966,0.7536231884057971,0.5087998969455066,0.5859213250517599,3
CAR,970,0.7494845360824742,0.5300931461164629,0.5907216494845361,4
LV,1037,0.7492767598842816,0.5164610719904301,0.6509161041465766,5
MIN,1022,0.7436399217221135,0.5326988314914499,0.5616438356164384,6
SF,883,0.7372593431483578,0.5428938825237314,0.535673839184598,7
CIN,1015,0.7339901477832512,0.5186798418439267,0.6482758620689655,8
CHI,1017,0.7325467059980334,0.5486961867902732,0.6066863323500492,9
NE,1010,0.7316831683168317,0.5655463359290975,0.5722772277227722,10
HOU,1163,0.7300085984522786,0.522980637258164,0.5950128976784179,11
MIA,1059,0.7299338999055713,0.5436726774457958,0.5873465533522191,12
BAL,1079,0.7293790546802595,0.5439114380199267,0.48378127896200185,13
ATL,1069,0.7277829747427502,0.5191772244326801,0.54911131898971,14
LAC,969,0.7275541795665634,0.536531693665061,0.5706914344685242,15
BUF,1125,0.7271111111111112,0.5408842989374804,0.5173333333333333,16
NO,968,0.7231404958677686,0.545498991009971,0.5898760330578512,17
TB,1119,0.7229669347631814,0.5652203282424384,0.5603217158176944,18
IND,1023,0.7106549364613881,0.5671211699931866,0.5259042033235581,19
PIT,1091,0.7103574702108157,0.5593366580308228,0.5270394133822182,20
NYJ,992,0.7096774193548387,0.551495251507598,0.6441532258064516,21
KC,1200,0.7066666666666667,0.5687436753752704,0.6,22
DAL,876,0.702054794520548,0.5901201389311738,0.5639269406392694,23
LA,1125,0.6977777777777778,0.5468772213665788,0.5786666666666667,24
NYG,1018,0.6974459724950884,0.5553465517958286,0.611984282907662,25
TEN,1013,0.6959526159921027,0.5521552048801063,0.5695952615992103,26
ARI,1004,0.6942231075697212,0.5739244579842419,0.5607569721115537,27
CLE,1042,0.6890595009596929,0.5663420030381587,0.6525911708253359,28
PHI,1334,0.6829085457271364,0.5806063674502755,0.44752623688155924,29
WAS,1248,0.6738782051282052,0.5952552358644149,0.5352564102564102,30
DET,1149,0.6701479547432551,0.6028516090333635,0.5378590078328982,31
GB,1069,0.656688493919551,0.6009484979148918,0.4976613657623948,32
